#maxfreq, staticgain, fitlevel, absmax
120000,1.471118672900754,0.48570203095904574,0.018934831899561827
130000,1.4491542211922221,0.4597197588221378,0.013444740103554802
140000,1.432158472341712,0.439997534299136,0.00982887192544203
150000,1.4187425067014776,0.42467500898335375,0.007354756707860131
